art/index.html,"Art >"
banking/index.html,"Banking >"
birds/index.html,"Birdwatching >"
cooking/index.html,"Cooking >"
entertainment/index.html,"Entertainment >"
games/index.html,"Games >"
gardening/index.html,"Gardening >"
genealogy/index.html,"Genealogy >"
holland/index.html,"Holland >"
local/index.html,"Local >"
news/index.html,"News >"
pictures/index.html,"Pictures >"
psychic/index.html,"Psychics >"
search/index.html,"Search and Reference >"
shopping/index.html,"Shopping >"
videos/index.html,"Videos >"
weather/index.html,"Weather >"
